bedrooms;bathrooms;stories;mainroad;guestroom;basement;hotwaterheating;airconditioning;parking;prefarea;furnishingstatus;area;price
4;2;3;1;0;0;0;1;2;1;2;7420;13300000
4;4;4;1;0;0;0;1;3;0;2;8960;12250000
3;2;2;1;0;1;0;0;2;1;1;9960;12250000
4;2;2;1;0;1;0;1;3;1;2;7500;12215000
4;1;2;1;1;1;0;1;2;0;2;7420;11410000
3;3;1;1;0;1;0;1;2;1;1;7500;10850000
4;3;4;1;0;0;0;1;2;1;1;8580;10150000
5;3;2;1;0;0;0;0;0;0;0;16200;10150000
4;1;2;1;1;1;0;1;2;1;2;8100;9870000
3;2;4;1;1;0;0;1;1;1;0;5750;9800000
3;1;2;1;0;1;0;1;2;1;2;13200;9800000
4;3;2;1;1;1;1;0;2;0;1;6000;9681000
4;2;2;1;0;0;0;1;1;1;1;6550;9310000
4;2;2;1;0;0;1;0;2;0;2;3500;9240000
3;2;2;1;0;0;0;0;0;1;1;7800;9240000
4;1;2;1;0;1;0;0;2;0;1;6000;9100000
4;2;2;1;1;1;0;1;1;1;0;6600;9100000
3;2;4;1;0;0;0;1;2;0;2;8500;8960000
3;2;2;1;1;0;0;1;2;0;2;4600;8890000
3;2;2;1;0;0;0;1;1;1;1;6420;8855000
3;1;2;1;0;1;1;0;2;0;1;4320;8750000
3;2;1;1;1;1;0;1;2;0;0;7155;8680000
3;1;1;1;1;1;0;1;1;0;2;8050;8645000
3;2;2;1;1;1;0;1;1;0;2;4560;8645000
3;2;2;1;0;0;0;1;2;0;2;8800;8575000
4;2;2;1;1;1;0;1;2;1;2;6540;8540000
3;2;4;1;1;1;0;1;0;1;1;6000;8463000
3;1;1;1;0;0;0;0;1;0;1;8875;8400000
5;2;2;1;0;1;1;0;2;0;0;7950;8400000
4;2;2;1;0;1;0;1;1;1;1;5500;8400000
3;2;4;1;0;0;0;1;2;0;0;7475;8400000
3;1;4;1;0;0;0;1;2;0;1;7000;8400000
4;2;2;1;0;0;0;1;1;1;2;4880;8295000
3;3;2;1;1;1;0;0;1;0;0;5960;8190000
5;1;2;1;1;1;0;1;1;0;2;6840;8120000
3;2;4;1;0;0;0;1;2;0;2;7000;8080940
3;2;3;1;0;0;1;0;1;1;2;7482;8043000
4;2;4;1;0;0;0;1;2;0;2;9000;7980000
3;1;4;1;1;0;0;1;2;0;0;6000;7962500
4;2;4;1;0;0;0;1;1;0;1;6000;7910000
3;1;2;1;0;1;0;1;0;1;2;6550;7875000
3;2;4;1;0;0;0;1;0;1;2;6360;7840000
3;2;4;1;0;0;0;1;2;0;0;6480;7700000
4;2;4;1;0;0;0;0;2;0;1;6000;7700000
4;2;4;1;0;0;0;1;1;0;2;6000;7560000
3;2;3;1;0;0;0;1;0;0;1;6000;7560000
3;2;4;1;0;0;0;1;1;0;2;6000;7525000
3;1;4;1;0;0;0;1;3;1;2;6600;7490000
3;2;2;1;0;1;0;0;1;0;0;4300;7455000
3;2;1;1;1;1;0;1;0;1;1;7440;7420000
3;2;4;1;0;0;0;0;1;1;0;7440;7420000
3;1;4;1;0;0;0;1;1;0;0;6325;7420000
4;2;4;1;1;0;0;1;1;0;2;6000;7350000
3;2;4;1;0;0;0;1;2;0;1;5150;7350000
3;2;2;1;1;0;0;1;1;0;1;6000;7350000
3;1;2;1;0;0;0;1;1;0;0;6000;7350000
4;1;2;1;0;1;0;0;1;1;1;11440;7343000
4;2;4;1;1;0;0;1;1;1;2;9000;7245000
4;2;4;1;1;0;0;1;1;0;1;7680;7210000
3;2;4;1;1;0;0;1;1;0;2;6000;7210000
3;2;2;1;1;0;0;0;1;0;1;6000;7140000
2;1;1;1;0;0;0;1;1;0;1;8880;7070000
4;2;2;1;0;0;0;1;1;0;2;6240;7070000
4;2;3;1;0;0;0;1;2;1;2;6360;7035000
3;1;1;1;0;1;0;1;1;1;2;11175;7000000
3;2;2;1;0;1;0;1;1;0;2;8880;6930000
2;1;1;1;0;1;1;0;1;0;2;13200;6930000
3;2;1;1;0;0;0;0;2;0;0;7700;6895000
3;1;1;1;0;0;0;1;1;0;2;6000;6860000
4;2;2;1;0;0;0;0;2;1;2;12090;6790000
3;2;2;1;0;1;0;1;0;1;1;4000;6790000
4;2;4;1;0;0;0;1;0;0;0;6000;6755000
3;1;4;1;0;0;0;1;0;1;0;5020;6720000
2;2;4;1;0;1;0;0;0;1;2;6600;6685000
3;1;2;1;0;1;1;0;1;0;2;4040;6650000
4;2;2;1;0;0;1;0;0;0;1;4260;6650000
3;2;3;1;0;0;0;1;0;1;2;6420;6650000
3;2;3;1;0;0;0;1;0;1;2;6500;6650000
3;1;1;1;1;1;0;1;2;1;2;5700;6650000
3;2;3;1;1;0;0;1;0;0;2;6000;6650000
3;1;2;1;0;0;1;0;1;1;1;6000;6629000
3;2;2;1;0;1;0;1;1;0;1;4000;6615000
3;2;1;1;0;1;0;1;1;1;2;10500;6615000
3;2;4;1;0;0;0;1;0;0;1;6000;6580000
3;1;2;1;0;0;1;0;2;0;1;3760;6510000
3;2;3;1;0;0;0;1;0;0;2;8250;6510000
3;1;3;1;0;1;0;0;0;1;0;6670;6510000
3;1;1;1;0;1;0;0;2;0;1;3960;6475000
3;1;1;1;1;1;0;1;2;1;0;7410;6475000
5;3;2;1;0;0;0;0;2;0;2;8580;6440000
3;1;2;1;0;0;0;1;0;0;1;5000;6440000
2;1;1;1;1;1;0;0;2;1;2;6750;6419000
3;2;4;1;1;0;0;1;0;0;2;4800;6405000
3;2;1;1;0;1;0;1;3;0;1;7200;6300000
4;2;4;1;0;0;0;0;1;0;1;6000;6300000
3;2;3;1;0;0;0;1;2;0;1;4100;6300000
3;1;1;1;0;1;0;0;1;1;2;9000;6300000
3;1;1;1;1;1;0;1;1;1;1;6400;6300000
3;2;3;1;0;0;0;1;0;1;0;6600;6293000
4;1;3;1;1;1;0;0;0;1;0;6000;6265000
3;2;1;1;0;1;0;1;0;1;0;6600;6230000
3;1;3;1;0;0;0;0;1;1;0;5500;6230000
3;2;4;1;1;0;0;1;1;0;1;5500;6195000
3;2;3;1;1;0;0;1;0;0;2;6350;6195000
3;2;1;1;1;1;0;0;2;1;2;5500;6195000
3;1;4;1;0;0;0;1;0;0;0;4500;6160000
4;2;1;1;0;1;0;1;0;1;1;5450;6160000
3;1;3;1;0;1;0;0;0;1;0;6420;6125000
4;1;3;1;0;0;0;0;1;0;1;3240;6107500
4;2;2;1;1;0;1;0;1;0;1;6615;6090000
3;1;1;1;1;1;0;0;2;1;1;6600;6090000
3;1;3;1;0;0;0;1;2;0;0;8372;6090000
6;2;2;1;0;0;0;0;0;0;2;4300;6083000
3;1;1;1;0;1;0;0;2;1;2;9620;6083000
2;1;1;1;1;1;0;0;2;0;2;6800;6020000
3;1;1;1;1;1;0;1;2;1;1;8000;6020000
3;2;1;1;1;1;0;0;0;1;0;6900;6020000
4;1;2;1;1;0;0;1;0;0;2;3700;5950000
3;1;1;1;0;1;0;1;0;1;2;6420;5950000
3;1;1;1;0;1;0;1;2;1;1;7020;5950000
3;1;1;1;1;1;0;0;2;1;2;6540;5950000
3;1;2;1;1;1;0;1;0;1;1;7231;5950000
4;2;1;1;0;1;0;0;1;1;1;6254;5950000
4;2;2;1;0;0;0;0;0;0;2;7320;5950000
3;2;4;1;0;0;0;0;1;0;2;6525;5950000
3;1;1;1;0;0;0;1;2;0;1;15600;5943000
3;1;1;1;0;1;0;0;2;1;0;7160;5880000
3;2;3;1;0;0;0;1;0;0;0;6500;5880000
3;1;3;1;1;0;0;1;1;0;2;5500;5873000
3;1;3;1;0;0;0;0;2;1;1;11460;5873000
3;1;1;1;1;1;0;0;0;0;0;4800;5866000
4;1;4;1;1;0;0;0;0;0;1;5828;5810000
3;1;3;1;0;0;0;1;0;0;1;5200;5810000
3;1;3;1;0;0;0;1;0;0;0;4800;5810000
3;1;1;1;0;1;0;0;2;1;1;7000;5803000
3;2;4;1;0;0;0;1;0;0;0;6000;5775000
4;2;2;1;0;0;0;1;2;0;0;5400;5740000
4;1;2;1;0;0;0;0;1;0;1;4640;5740000
3;1;3;1;0;0;0;1;0;0;1;5000;5740000
3;1;1;1;1;1;0;1;2;1;2;6360;5740000
3;2;4;1;0;0;0;1;0;0;0;5800;5740000
4;2;2;1;1;1;0;0;1;1;1;6660;5652500
4;2;2;1;0;0;0;0;1;0;1;10500;5600000
5;2;3;0;0;1;1;0;0;0;0;4800;5600000
4;1;2;1;1;1;0;1;1;0;2;4700;5600000
3;1;4;1;0;0;0;0;0;0;2;5000;5600000
2;1;1;1;0;0;0;0;1;0;1;10500;5600000
3;2;2;1;0;0;0;0;1;0;1;5500;5600000
3;1;3;1;0;0;0;0;0;1;1;6360;5600000
4;2;1;1;0;1;0;0;0;1;1;6600;5600000
3;1;2;1;1;1;0;1;0;1;0;5136;5600000
4;1;2;1;0;0;0;1;2;1;1;4400;5565000
5;1;2;1;1;1;0;1;0;1;2;5400;5565000
3;3;2;1;0;1;0;0;0;0;1;3300;5530000
3;2;2;1;0;0;0;0;2;0;1;3650;5530000
3;2;1;1;0;1;0;0;2;1;2;6100;5530000
3;1;1;1;1;1;0;0;0;1;1;6900;5523000
4;2;2;0;1;1;0;0;1;0;2;2817;5495000
3;1;1;1;0;0;0;0;2;0;1;7980;5495000
3;2;1;1;1;1;0;1;0;0;2;3150;5460000
4;1;4;1;1;0;0;1;0;0;2;6210;5460000
3;1;3;1;1;0;0;1;0;1;1;6100;5460000
4;2;2;1;1;1;0;0;0;1;1;6600;5460000
3;1;1;1;1;1;0;1;0;1;1;6825;5425000
3;2;2;1;1;1;0;0;1;1;2;6710;5390000
3;2;1;1;1;1;1;0;0;0;0;6450;5383000
3;1;1;1;0;1;0;1;2;1;0;7800;5320000
2;2;1;1;0;0;0;1;2;0;1;4600;5285000
4;1;2;1;0;1;0;1;0;0;2;4260;5250000
4;2;2;0;0;0;0;1;0;0;1;6540;5250000
3;2;1;1;0;1;0;0;0;0;1;5500;5250000
3;1;1;1;0;0;0;0;1;1;1;10269;5250000
3;1;2;1;1;1;0;1;2;1;0;8400;5250000
4;2;1;1;0;0;0;1;0;1;0;5300;5250000
3;1;2;1;1;1;0;0;1;1;0;3800;5250000
4;2;2;1;1;0;0;0;2;0;1;9800;5250000
3;1;1;1;0;0;0;1;2;0;2;8520;5250000
3;1;1;1;0;1;0;0;0;1;1;6050;5243000
3;1;1;1;1;1;0;0;2;1;1;7085;5229000
3;2;2;1;0;0;0;0;2;0;1;3180;5215000
4;2;1;0;0;1;0;1;2;0;1;4500;5215000
3;1;2;1;1;1;0;0;1;1;2;7200;5215000
3;1;2;0;0;0;0;1;0;0;1;3410;5145000
3;1;1;1;0;0;0;0;1;1;1;7980;5145000
3;2;2;1;1;1;0;0;0;0;2;3000;5110000
3;1;2;1;0;1;0;0;0;0;0;3000;5110000
2;1;2;1;0;0;0;0;0;1;2;11410;5110000
3;1;1;1;0;1;0;1;0;1;1;6100;5110000
2;1;2;1;0;0;0;1;0;1;0;5720;5075000
2;1;1;0;1;1;0;0;0;0;1;3540;5040000
4;1;2;1;0;0;0;1;2;0;2;7600;5040000
3;1;2;1;1;1;0;0;0;0;1;10700;5040000
3;1;1;1;1;1;0;0;0;1;2;6600;5040000
2;1;1;1;1;1;0;0;0;0;1;4800;5033000
3;2;1;1;1;1;0;0;0;0;1;8150;5005000
4;3;2;1;0;1;0;0;2;0;1;4410;4970000
3;1;1;1;1;1;1;0;0;0;1;7686;4970000
3;2;2;0;0;1;0;1;1;0;1;2800;4956000
3;1;2;1;0;0;0;1;0;0;1;5948;4935000
3;1;2;1;0;0;0;0;1;0;2;4200;4907000
3;1;2;1;0;1;0;1;0;0;1;4520;4900000
3;1;2;0;1;1;0;1;0;0;1;4095;4900000
2;1;1;1;0;1;0;0;1;0;1;4120;4900000
4;1;2;1;0;0;0;0;0;0;1;5400;4900000
3;1;1;1;1;1;0;0;0;0;1;4770;4900000
3;1;1;1;0;0;0;1;2;0;1;6300;4900000
2;1;1;1;1;1;0;1;0;0;1;5800;4900000
3;1;2;1;0;1;0;1;0;0;1;3000;4900000
3;1;3;1;0;0;0;0;0;0;1;2970;4900000
3;1;1;1;0;0;0;0;0;0;0;6720;4900000
3;1;2;1;1;1;0;0;2;0;1;4646;4900000
3;1;1;1;0;0;0;0;2;0;2;12900;4900000
4;2;2;1;0;1;0;1;2;0;1;3420;4893000
4;2;1;1;0;1;0;0;0;0;1;4995;4893000
2;1;1;1;0;1;0;0;0;0;0;4350;4865000
3;1;3;1;0;0;0;0;0;0;0;4160;4830000
3;1;1;1;0;0;0;0;2;1;1;6040;4830000
3;1;2;1;0;0;0;1;2;1;2;6862;4830000
2;1;1;1;0;0;0;1;0;1;1;4815;4830000
3;1;2;1;0;1;0;0;0;0;0;7000;4795000
4;1;4;1;0;1;0;1;2;0;1;8100;4795000
4;2;2;1;0;0;0;0;0;0;1;3420;4767000
2;1;1;1;0;1;0;1;2;0;1;9166;4760000
3;1;2;1;0;1;0;1;1;0;2;6321;4760000
2;1;1;1;0;0;0;1;2;1;0;10240;4760000
2;1;1;1;0;0;0;1;3;0;1;6440;4753000
3;1;4;1;0;0;0;1;0;0;1;5170;4690000
2;1;1;1;0;1;0;1;1;0;2;6000;4690000
3;1;2;1;0;0;0;0;2;0;1;3630;4690000
4;2;2;1;1;1;0;0;1;0;1;9667;4690000
2;1;2;1;0;0;0;0;0;1;1;5400;4690000
3;1;1;1;0;0;0;0;0;1;1;4320;4690000
3;1;2;1;0;1;0;0;0;0;2;3745;4655000
3;1;1;1;1;1;0;1;0;0;0;4160;4620000
3;2;2;1;0;1;0;0;2;0;1;3880;4620000
3;1;2;1;1;0;0;1;1;0;1;5680;4620000
2;1;2;1;1;1;0;0;0;1;1;2870;4620000
3;1;2;1;0;1;0;0;0;0;1;5010;4620000
4;2;2;1;0;1;0;0;0;0;1;4510;4613000
3;1;2;1;0;0;0;0;1;0;2;4000;4585000
3;1;2;1;0;0;0;0;1;1;1;3840;4585000
3;1;1;1;0;0;0;0;2;0;1;3760;4550000
3;1;2;1;0;0;0;1;0;0;2;3640;4550000
3;1;2;1;0;1;0;0;0;0;2;2550;4550000
3;1;2;1;1;1;0;0;0;1;1;5320;4550000
3;1;2;1;0;0;0;0;2;1;0;5360;4550000
3;1;1;1;0;0;0;0;0;1;1;3520;4550000
4;1;4;1;0;0;0;0;3;0;0;8400;4550000
2;2;1;1;1;1;0;0;0;0;1;4100;4543000
4;2;2;1;1;1;0;0;0;1;2;4990;4543000
3;1;3;1;0;0;0;0;0;0;1;3510;4515000
3;1;2;1;0;1;0;0;1;0;1;3450;4515000
3;1;1;1;0;0;0;0;0;0;1;9860;4515000
2;1;2;1;0;0;0;0;0;1;2;3520;4515000
4;1;2;1;0;0;0;1;2;0;1;4510;4480000
2;1;1;1;0;0;0;1;1;0;0;5885;4480000
3;1;2;1;0;0;0;0;2;0;2;4000;4480000
3;1;1;1;0;0;0;0;0;0;2;8250;4480000
3;1;2;1;0;0;0;0;1;0;1;4040;4480000
2;1;1;1;0;1;0;1;1;0;2;6360;4473000
3;1;2;1;0;0;0;1;1;0;2;3162;4473000
3;1;2;1;0;0;0;0;0;0;1;3510;4473000
2;1;1;1;1;1;0;0;0;0;1;3750;4445000
3;1;2;0;0;0;0;0;0;0;1;3968;4410000
2;1;2;1;0;1;0;0;0;0;1;4900;4410000
3;1;2;1;0;0;0;0;0;1;1;2880;4403000
3;1;1;1;0;0;0;0;2;1;0;4880;4403000
3;1;2;1;0;0;0;0;1;0;1;4920;4403000
4;1;2;1;0;0;0;1;0;0;1;4950;4382000
3;1;2;1;0;0;0;0;0;0;0;3900;4375000
3;2;3;1;0;0;1;0;1;0;2;4500;4340000
5;1;2;0;0;1;0;0;0;0;1;1905;4340000
3;1;1;1;1;1;0;0;2;0;1;4075;4340000
4;1;2;1;0;0;0;0;2;0;2;3500;4340000
4;1;2;1;0;0;0;0;0;0;1;6450;4340000
2;1;1;1;0;1;0;0;0;0;2;4032;4319000
2;1;1;1;0;0;0;0;1;0;1;4400;4305000
2;1;1;1;0;0;0;0;1;1;1;10360;4305000
3;1;2;1;0;1;0;0;2;1;1;3400;4277000
2;1;1;1;0;0;0;0;0;0;2;6360;4270000
2;1;2;1;0;0;0;0;0;0;0;6360;4270000
2;1;1;1;0;0;0;1;2;0;2;4500;4270000
3;1;2;0;1;1;0;1;0;0;0;2175;4270000
4;1;2;1;0;0;0;0;0;0;2;4360;4270000
2;1;1;1;0;0;0;0;1;0;2;7770;4270000
3;1;2;1;1;0;0;0;0;0;1;6650;4235000
3;1;1;1;0;1;0;0;0;1;2;2787;4235000
3;1;2;1;0;0;0;1;0;0;0;5500;4200000
3;1;2;1;0;1;0;1;0;0;0;5040;4200000
2;1;1;1;1;1;0;0;2;0;1;5850;4200000
4;3;2;0;0;0;0;0;0;0;1;2610;4200000
3;1;2;1;0;1;0;1;0;0;0;2953;4200000
4;2;2;0;0;0;0;0;0;0;1;2747;4200000
2;1;1;0;0;0;0;0;1;0;0;4410;4200000
4;2;2;0;0;0;0;0;0;0;1;4000;4200000
3;1;2;0;0;0;0;0;0;0;1;2325;4200000
3;2;2;1;0;0;0;1;1;0;1;4600;4200000
3;2;2;1;0;1;0;0;0;0;0;3640;4200000
3;1;1;1;0;0;1;0;2;0;1;5800;4200000
3;1;1;1;0;0;0;0;3;0;2;7000;4200000
3;1;3;1;0;0;0;0;0;0;1;4079;4200000
3;1;2;1;0;0;0;0;0;1;1;3520;4200000
3;1;3;1;0;0;0;0;1;1;0;2145;4200000
3;1;1;1;0;1;0;0;0;0;2;4500;4200000
3;1;1;1;0;1;0;0;3;0;1;8250;4193000
3;1;2;1;0;0;0;0;1;0;1;3450;4193000
3;1;2;1;0;0;0;0;1;0;1;4840;4165000
3;1;2;1;0;0;0;0;2;0;1;4080;4165000
3;1;2;1;0;1;0;0;1;0;1;4046;4165000
4;1;2;1;0;0;0;1;0;0;1;4632;4130000
3;1;1;1;0;1;0;0;0;0;1;5985;4130000
2;1;1;1;0;1;0;0;1;0;1;6060;4123000
3;1;1;1;0;1;0;1;0;1;2;3600;4098500
3;2;2;1;0;0;0;0;0;0;1;3680;4095000
2;1;2;1;0;0;0;0;1;0;1;4040;4095000
2;1;1;1;0;0;0;1;0;0;1;5600;4095000
4;2;2;0;0;1;0;0;1;0;0;5900;4060000
3;2;2;1;0;0;0;0;2;0;0;4992;4060000
3;1;1;1;0;0;0;0;0;0;1;4340;4060000
4;1;3;1;0;1;0;1;2;0;1;3000;4060000
3;1;2;1;0;0;0;0;2;1;2;4320;4060000
3;2;2;1;0;0;1;0;2;0;1;3630;4025000
3;2;1;1;0;1;0;1;1;0;2;3460;4025000
3;1;1;1;0;0;0;0;3;0;1;5400;4025000
3;1;2;0;0;1;0;1;0;0;1;4500;4007500
4;1;2;1;0;0;0;1;0;0;1;3460;4007500
4;1;1;0;0;1;0;0;0;0;0;4100;3990000
3;1;2;0;0;0;0;1;1;0;1;6480;3990000
3;2;2;0;0;1;0;1;0;0;1;4500;3990000
3;1;2;1;0;0;0;0;0;0;2;3960;3990000
2;1;2;1;1;1;0;0;0;1;0;4050;3990000
3;2;1;1;1;1;0;0;3;0;2;7260;3920000
4;1;2;1;1;1;0;0;0;0;1;5500;3920000
3;1;2;1;0;0;0;0;0;0;1;3000;3920000
2;1;1;1;0;0;1;0;1;0;2;3290;3920000
2;1;1;1;0;1;0;1;2;0;2;3816;3920000
3;1;1;1;0;0;0;1;2;0;1;8080;3920000
4;2;1;1;0;1;0;0;0;1;0;2145;3920000
2;1;2;1;1;1;0;0;0;0;1;3780;3885000
4;2;2;1;0;0;0;0;0;0;2;3180;3885000
5;2;2;1;0;0;0;0;0;0;1;5300;3850000
2;2;1;1;0;1;0;0;2;0;1;3180;3850000
3;1;2;1;0;0;0;1;0;0;2;7152;3850000
2;1;1;1;0;0;0;0;0;0;1;4080;3850000
2;1;1;1;0;0;0;0;0;0;1;3850;3850000
3;1;2;1;0;1;0;0;0;1;1;2015;3850000
2;1;2;1;1;0;0;0;0;1;1;2176;3850000
3;1;2;1;0;0;0;0;0;0;0;3350;3836000
2;2;1;0;0;1;0;0;0;0;1;3150;3815000
3;1;2;1;0;0;0;0;0;0;1;4820;3780000
2;1;2;1;0;0;1;0;1;0;1;3420;3780000
2;1;1;1;0;0;0;0;0;0;1;3600;3780000
2;1;1;1;0;0;0;0;2;0;0;5830;3780000
3;1;3;1;0;0;0;0;0;1;2;2856;3780000
2;1;1;1;0;0;0;0;1;0;2;8400;3780000
3;1;1;1;0;0;0;0;2;0;2;8250;3773000
5;2;1;0;0;1;0;1;1;0;2;2520;3773000
4;1;2;0;0;0;0;0;1;0;2;6930;3773000
2;1;1;1;0;0;0;0;0;1;1;3480;3745000
3;1;1;1;0;0;0;0;1;0;0;3600;3710000
2;1;1;1;0;0;0;0;0;0;1;4040;3710000
3;1;1;1;0;0;0;0;0;0;1;6020;3710000
2;1;1;1;0;0;0;0;0;0;2;4050;3710000
2;1;1;1;0;0;1;0;0;0;1;3584;3710000
3;1;2;0;0;1;1;0;0;0;1;3120;3703000
2;1;1;1;0;0;0;0;0;0;2;5450;3703000
2;1;1;1;0;1;0;0;0;0;2;3630;3675000
2;1;1;1;0;0;0;1;0;0;0;3630;3675000
2;1;1;0;0;0;0;0;0;0;1;5640;3675000
2;1;1;1;0;0;0;0;0;0;2;3600;3675000
2;1;1;1;0;0;0;1;2;0;1;4280;3640000
3;1;2;1;0;1;0;0;0;0;1;3570;3640000
3;1;2;0;0;1;0;0;0;0;1;3180;3640000
2;1;2;1;0;0;0;1;0;0;2;3000;3640000
2;2;1;1;0;1;0;0;0;0;1;3520;3640000
3;1;2;1;1;1;0;0;0;0;0;5960;3640000
3;2;2;1;0;0;0;0;2;0;1;4130;3640000
3;2;2;0;0;1;0;0;0;1;0;2850;3640000
3;1;3;1;0;0;1;1;0;1;1;2275;3640000
3;1;1;1;0;0;0;0;2;1;0;3520;3633000
2;1;1;1;0;0;0;0;0;0;1;4500;3605000
2;1;1;1;0;0;0;0;0;1;1;4000;3605000
3;1;2;1;0;1;0;0;0;0;2;3150;3570000
4;2;2;1;0;1;0;0;2;0;2;4500;3570000
2;1;1;0;0;0;0;0;0;0;2;4500;3570000
2;1;1;1;0;0;0;0;0;0;0;3640;3570000
3;1;1;1;0;0;0;0;2;0;0;3850;3535000
3;1;2;1;0;0;0;1;0;0;1;4240;3500000
3;1;2;1;0;0;0;0;0;0;0;3650;3500000
4;1;2;1;0;0;0;0;0;0;1;4600;3500000
3;2;2;0;0;0;0;0;0;0;0;2135;3500000
3;1;2;1;0;1;0;0;0;0;1;3036;3500000
3;1;2;1;0;0;0;0;0;0;1;3990;3500000
3;1;1;0;0;0;0;0;0;0;0;7424;3500000
3;1;1;0;0;0;0;1;0;0;0;3480;3500000
6;1;2;1;0;0;0;0;1;0;0;3600;3500000
2;1;1;1;0;0;0;0;1;0;1;3640;3500000
2;1;1;1;0;0;0;0;1;0;2;5900;3500000
3;1;2;1;0;0;0;0;1;0;0;3120;3500000
2;1;1;1;0;0;0;0;1;0;1;7350;3500000
2;1;1;1;0;0;0;0;1;1;0;3512;3500000
3;1;2;1;0;0;0;0;3;1;0;9500;3500000
2;1;1;1;0;0;0;0;0;0;0;5880;3500000
3;1;1;1;0;0;0;0;0;0;0;12944;3500000
3;1;2;0;0;0;0;0;0;0;0;4900;3493000
3;1;1;1;0;0;0;0;0;0;0;3060;3465000
2;1;1;1;0;0;0;0;1;1;0;5320;3465000
3;1;3;1;0;0;0;0;0;1;2;2145;3465000
2;1;1;1;0;0;0;0;0;0;0;4000;3430000
2;1;1;1;0;0;0;0;2;0;0;3185;3430000
3;1;1;1;0;0;0;0;0;0;0;3850;3430000
3;1;3;1;0;0;0;0;0;1;2;2145;3430000
3;1;2;1;0;1;0;0;0;1;0;2610;3430000
3;2;2;1;0;1;0;0;0;1;0;1950;3430000
2;1;1;1;0;0;0;0;0;0;0;4040;3423000
3;1;2;1;1;1;0;1;1;0;2;4785;3395000
3;1;1;1;0;1;0;0;2;0;0;3450;3395000
2;1;1;1;0;0;0;0;0;0;2;3640;3395000
4;1;2;1;0;0;0;1;2;0;0;3500;3360000
4;1;3;0;0;0;0;0;0;0;1;4960;3360000
2;1;2;1;0;0;0;0;0;0;0;4120;3360000
2;1;1;1;0;0;0;0;0;0;0;4750;3360000
2;1;1;0;0;0;0;1;0;0;0;3720;3360000
3;1;1;1;0;0;0;0;0;0;0;3750;3360000
3;1;2;0;0;1;0;0;0;0;1;3100;3360000
2;1;1;1;0;1;0;0;2;0;2;3185;3360000
3;1;1;0;0;0;0;0;0;0;2;2700;3353000
3;1;2;1;0;1;0;0;0;1;2;2145;3332000
2;1;1;1;0;0;0;0;1;0;0;4040;3325000
4;1;2;1;0;0;0;0;0;0;0;4775;3325000
2;1;1;0;0;0;0;1;0;0;0;2500;3290000
4;1;2;1;0;1;0;1;0;0;0;3180;3290000
3;1;1;1;1;1;0;0;0;0;2;6060;3290000
4;1;2;0;0;0;0;0;1;0;1;3480;3290000
4;1;2;1;0;0;0;0;0;0;1;3792;3290000
2;1;1;1;0;0;0;0;0;0;0;4040;3290000
3;1;2;1;0;1;0;0;0;1;2;2145;3290000
3;1;1;1;0;0;0;0;1;0;0;5880;3290000
2;1;1;0;0;0;0;0;0;0;1;4500;3255000
2;1;1;0;0;0;0;0;0;0;0;3930;3255000
4;1;2;1;0;1;0;0;0;0;0;3640;3234000
3;1;2;1;0;0;0;0;0;0;0;4370;3220000
2;1;1;1;0;0;0;1;1;0;0;2684;3220000
3;1;1;0;0;0;0;0;1;0;0;4320;3220000
3;1;2;0;0;0;0;0;0;0;2;3120;3220000
1;1;1;1;0;0;0;0;0;0;2;3450;3150000
2;2;1;0;1;1;0;0;1;0;0;3986;3150000
2;1;1;0;0;1;0;0;0;0;1;3500;3150000
2;1;1;1;0;0;0;0;2;0;1;4095;3150000
3;1;2;0;0;1;0;0;0;0;0;1650;3150000
3;1;2;1;0;1;0;0;0;0;1;3450;3150000
2;1;1;1;0;0;0;0;0;0;1;6750;3150000
3;1;2;1;0;0;0;0;2;0;1;9000;3150000
2;1;1;1;0;0;0;0;1;0;0;3069;3150000
3;1;2;1;0;0;0;1;0;0;0;4500;3143000
3;1;1;1;0;1;0;0;0;0;0;5495;3129000
3;1;1;1;0;0;0;0;0;1;1;2398;3118850
3;1;1;0;0;0;0;1;0;0;0;3000;3115000
3;1;2;1;0;0;0;0;0;0;0;3850;3115000
2;1;1;1;0;0;0;0;0;0;0;3500;3115000
2;1;1;1;0;0;0;0;1;0;0;8100;3087000
2;1;1;1;0;1;0;1;0;0;0;4960;3080000
3;1;2;0;0;1;0;0;0;0;1;2160;3080000
2;1;1;1;1;1;0;0;0;0;0;3090;3080000
2;1;2;1;0;0;1;0;1;0;1;4500;3080000
2;1;1;1;0;0;0;0;0;0;0;3800;3045000
3;1;2;0;0;0;0;0;0;0;1;3090;3010000
3;1;2;1;0;0;0;0;2;0;1;3240;3010000
2;1;1;1;0;0;0;0;0;0;1;2835;3010000
2;1;1;1;0;0;0;0;0;0;2;4600;3010000
3;1;1;0;0;0;0;0;0;0;0;5076;3010000
3;1;2;1;0;0;0;0;0;0;0;3750;3010000
4;1;2;1;0;0;0;0;3;0;1;3630;3010000
2;1;1;1;0;0;0;0;0;0;0;8050;3003000
4;1;2;0;0;0;0;0;1;0;0;4352;2975000
2;1;2;1;0;0;0;0;0;0;1;3000;2961000
3;1;2;1;0;1;0;0;1;0;0;5850;2940000
2;1;1;1;0;0;0;0;0;0;0;4960;2940000
3;1;2;0;0;0;0;0;1;0;0;3600;2940000
4;1;2;0;0;0;0;0;0;0;0;3660;2940000
3;1;2;0;0;0;0;0;1;0;1;3480;2940000
2;1;1;0;0;0;0;0;0;0;2;2700;2940000
3;1;2;0;0;0;0;0;0;0;0;3150;2940000
3;1;2;1;0;0;0;0;0;0;1;6615;2940000
2;1;1;0;0;0;0;0;0;0;0;3040;2870000
2;1;1;1;0;0;0;0;0;0;0;3630;2870000
2;1;1;1;0;0;0;0;0;0;1;6000;2870000
4;1;2;1;0;0;0;0;0;0;0;5400;2870000
4;1;3;1;0;0;0;0;0;0;0;5200;2852500
3;1;2;0;0;0;0;0;1;0;1;3300;2835000
3;1;2;0;0;0;1;0;1;0;0;4350;2835000
2;1;1;0;0;0;0;0;1;0;2;2640;2835000
3;1;2;1;0;1;0;0;1;0;0;2650;2800000
3;1;1;1;0;0;0;0;0;0;2;3960;2800000
2;1;1;1;0;0;0;0;0;0;0;6800;2730000
3;1;2;1;0;0;0;0;1;0;0;4000;2730000
2;1;1;1;0;0;0;0;0;0;0;4000;2695000
2;1;1;1;0;0;0;0;0;0;0;3934;2660000
2;1;2;1;0;0;0;0;0;0;1;2000;2660000
3;3;2;0;1;0;0;0;0;0;0;3630;2660000
3;1;1;1;0;0;0;0;0;0;0;2800;2660000
3;1;1;0;0;0;0;0;0;0;0;2430;2660000
2;1;1;1;0;0;0;0;1;0;1;3480;2660000
3;1;1;1;0;0;0;0;0;0;1;4000;2660000
2;1;1;1;0;0;0;1;0;0;0;3185;2653000
3;1;2;1;0;0;0;1;0;0;0;4000;2653000
2;1;1;0;0;0;0;0;0;0;0;2910;2604000
2;1;1;1;0;0;0;0;0;0;0;3600;2590000
2;1;1;1;0;0;0;0;0;0;0;4400;2590000
2;2;2;1;0;1;0;0;1;0;2;3600;2590000
3;1;1;0;0;0;0;0;0;0;0;2880;2520000
3;1;1;0;0;0;0;0;0;0;0;3180;2520000
2;1;2;1;0;0;0;0;0;0;2;3000;2520000
3;1;2;1;0;0;0;0;0;0;0;4400;2485000
3;1;2;0;0;0;0;0;0;0;1;3000;2485000
3;1;2;1;0;1;0;0;0;0;0;3210;2450000
2;1;1;0;1;0;0;0;1;0;0;3240;2450000
2;1;1;1;0;0;0;0;1;0;0;3000;2450000
2;1;1;1;1;0;0;0;0;0;0;3500;2450000
2;1;2;1;0;0;0;0;0;0;0;4840;2450000
2;1;1;1;0;0;0;0;0;0;0;7700;2450000
2;1;1;0;0;0;0;0;0;0;0;3635;2408000
3;1;2;1;0;0;0;0;0;0;2;2475;2380000
4;2;2;1;0;0;0;0;0;0;2;2787;2380000
2;1;1;1;0;0;0;0;0;0;0;3264;2380000
2;1;1;1;0;0;0;0;0;0;0;3640;2345000
2;1;1;1;0;0;0;0;0;0;0;3180;2310000
2;1;1;0;0;1;0;0;0;0;1;1836;2275000
1;1;1;0;0;0;0;0;0;0;0;3970;2275000
3;1;2;1;0;1;0;0;0;0;0;3970;2275000
3;1;1;0;0;0;1;0;0;0;0;1950;2240000
3;1;1;0;0;0;0;1;0;1;0;5300;2233000
2;1;1;0;0;0;0;0;0;0;0;3000;2135000
3;1;2;1;0;0;0;0;0;0;0;2400;2100000
4;1;2;1;0;0;0;0;0;0;0;3000;2100000
2;1;1;1;0;0;0;0;1;0;0;3360;2100000
5;1;2;0;0;0;0;0;0;0;0;3420;1960000
3;1;2;1;0;0;0;0;0;0;0;1700;1890000
2;1;1;1;0;0;0;0;0;0;0;3649;1890000
2;1;1;0;0;0;0;0;1;0;0;2990;1855000
2;1;1;1;0;1;0;0;2;0;0;3000;1820000
3;1;1;0;0;0;0;0;0;0;1;2400;1767150
2;1;1;1;0;0;0;0;0;0;0;3620;1750000
3;1;1;0;0;0;0;0;0;0;2;2910;1750000
3;1;2;1;0;0;0;0;0;0;0;3850;1750000
